{"count":1,"self":3394.2722559999997,"total":41336.7120103,"children":{"InitializeActuators":{"count":4,"self":0.0009998,"total":0.0009998,"children":null},"InitializeSensors":{"count":4,"self":0.0032757999999999997,"total":0.0032757999999999997,"children":null},"AgentSendState":{"count":11793468,"self":776.2663424,"total":1138.1424577,"children":{"CollectObservations":{"count":9434812,"self":10.823675999999999,"total":10.823676299999999,"children":null},"WriteActionMask":{"count":9434812,"self":6.5848119999999994,"total":6.5848122,"children":null},"RequestDecision":{"count":9434812,"self":16.871216,"total":344.46763719999996,"children":{"AgentInfo.ToProto":{"count":9434812,"self":25.6402592,"total":327.5964209,"children":{"GenerateSensorData":{"count":9434812,"self":262.1605632,"total":301.9561615,"children":{"RayPerceptionSensor.Perceive":{"count":18869624,"self":39.7955968,"total":39.795597799999996,"children":null}}}}}}}}},"DecideAction":{"count":11793468,"self":36676.295065599996,"total":36676.2939325,"children":null},"AgentAct":{"count":11793468,"self":123.48783359999999,"total":123.4878303,"children":null},"AgentInfo.ToProto":{"count":126940,"self":0.45302899999999996,"total":4.5076355999999995,"children":{"GenerateSensorData":{"count":126940,"self":3.4724779999999997,"total":4.0546066,"children":{"RayPerceptionSensor.Perceive":{"count":253880,"self":0.58212869999999994,"total":0.58212869999999994,"children":null}}}}}},"gauges":{"SoccerTwos.CumulativeReward":{"count":126940,"max":0,"min":0,"runningAverage":0,"value":0,"weightedAverage":0}},"metadata":{"timer_format_version":"0.1.0","start_time_seconds":"1763510121","unity_version":"2022.3.4f1","command_line_arguments":"C:\\Users\\man\\Desktop\\programming\\Group-9-AI-ML\\env\/SoccerTwos\/UnityEnvironment.exe -nographics -batchmode --mlagents-port 5005 -logFile C:\\Users\\man\\Desktop\\programming\\Group-9-AI-ML\\results\\overnight\\run_logs\\Player-0.log","communication_protocol_version":"1.5.0","com.unity.ml-agents_version":"3.0.0-exp.1","scene_name":"SoccerTwos","end_time_seconds":"1763551458"}}