{
    "run_id": "ihopethisworksman",
    "env_name": "SoccerTwos",
    "algorithm": "poca",
    "total_steps": 20000,
    "learning_rate": 0.0003,
    "epoch": 3,
    "bath_size": 2048,
    "buffer_size": 20480,
    "gamma": 0.99,
    "lambda": 0.95,
    "mean_group_reward": -0.04193750023841858,
    "group_cumulative_reward": -0.2984749972820282,
    "episode_length": 733.4285583496094,
    "mean_policy_loss": "N/A",
    "mean_value_loss": "N/A",
    "mean_entropy": 3.295733332633972,
    "ELO": 1200.8628540039062,
    "training_time": 0.7323546409606934,
    "efficiency_score": -0.05726392364142802
}