{"count":1,"self":331.7556224,"total":3860.0496043999997,"children":{"InitializeActuators":{"count":24,"self":0.0009989,"total":0.0009989,"children":null},"InitializeSensors":{"count":24,"self":0.0030039,"total":0.0030039,"children":null},"AgentSendState":{"count":780684,"self":199.7494528,"total":321.361321,"children":{"CollectObservations":{"count":3747384,"self":2.2405619999999997,"total":2.2405619999999997,"children":null},"WriteActionMask":{"count":3747384,"self":1.849588,"total":1.8495879,"children":null},"RequestDecision":{"count":3747384,"self":5.5372536,"total":117.52171419999999,"children":{"AgentInfo.ToProto":{"count":3747384,"self":5.8790204,"total":111.9844608,"children":{"GenerateSensorData":{"count":3747384,"self":87.7852224,"total":106.10544039999999,"children":{"RayPerceptionSensor.Perceive":{"count":6245640,"self":18.3202192,"total":18.3202198,"children":null}}}}}}}}},"DecideAction":{"count":780684,"self":3176.3785728,"total":3176.3785467999996,"children":null},"AgentAct":{"count":780684,"self":30.175225599999997,"total":30.175226199999997,"children":null},"AgentInfo.ToProto":{"count":8472,"self":0.0331983,"total":0.3718911,"children":{"GenerateSensorData":{"count":8472,"self":0.2926295,"total":0.33869279999999996,"children":{"RayPerceptionSensor.Perceive":{"count":14120,"self":0.046063299999999995,"total":0.046063299999999995,"children":null}}}}}},"gauges":{"Goalie.CumulativeReward":{"count":2824,"max":0.99994123,"min":0.007400001,"runningAverage":0.441502869,"value":0.198202208,"weightedAverage":0.2065269},"Striker.CumulativeReward":{"count":5648,"max":-0.007400001,"min":-0.99994123,"runningAverage":-0.441502959,"value":-0.198202208,"weightedAverage":-0.2078703}},"metadata":{"timer_format_version":"0.1.0","start_time_seconds":"1764278394","unity_version":"2022.3.4f1","command_line_arguments":"D:\\Netherlands\\MaastrichtUniversity\\Y2\\BCS2720-AIandML\\project\\Group-9-AI-ML\\env\/StrikersVsGoalie\/UnityEnvironment.exe -nographics -batchmode --mlagents-port 5006 -logFile D:\\Netherlands\\MaastrichtUniversity\\Y2\\BCS2720-AIandML\\project\\Group-9-AI-ML\\results\\SKG-34\\run_logs\\Player-0.log","communication_protocol_version":"1.5.0","com.unity.ml-agents_version":"3.0.0-exp.1","scene_name":"StrikersVsGoalie","end_time_seconds":"1764282254"}}