{"count":1,"self":67.7454976,"total":764.0668961,"children":{"InitializeActuators":{"count":24,"self":0.0015677999999999998,"total":0.0015677999999999998,"children":null},"InitializeSensors":{"count":24,"self":0.0030001999999999997,"total":0.0030001999999999997,"children":null},"AgentSendState":{"count":149434,"self":38.072704,"total":62.068274599999995,"children":{"CollectObservations":{"count":717288,"self":0.4503271,"total":0.4503271,"children":null},"WriteActionMask":{"count":717288,"self":0.3726211,"total":0.3726211,"children":null},"RequestDecision":{"count":717288,"self":1.052856,"total":23.1726211,"children":{"AgentInfo.ToProto":{"count":717288,"self":1.1987759999999998,"total":22.1197651,"children":{"GenerateSensorData":{"count":717288,"self":17.3719104,"total":20.9209891,"children":{"RayPerceptionSensor.Perceive":{"count":1195480,"self":3.5490792,"total":3.5490790999999997,"children":null}}}}}}}}},"DecideAction":{"count":149434,"self":628.4776448,"total":628.4776236,"children":null},"AgentAct":{"count":149434,"self":5.7397979999999995,"total":5.7397979999999995,"children":null},"AgentInfo.ToProto":{"count":861,"self":0,"total":0.027124199999999998,"children":{"GenerateSensorData":{"count":861,"self":0.0261207,"total":0.027124199999999998,"children":{"RayPerceptionSensor.Perceive":{"count":1435,"self":0.0010035,"total":0.0010035,"children":null}}}}}},"gauges":{"Goalie.CumulativeReward":{"count":287,"max":0.99994123,"min":0.009799998,"runningAverage":0.8249855,"value":0.99994123,"weightedAverage":0.8449901},"Striker.CumulativeReward":{"count":574,"max":-0.009799998,"min":-0.99994123,"runningAverage":-0.8249854,"value":-0.99994123,"weightedAverage":-0.851559162}},"metadata":{"timer_format_version":"0.1.0","start_time_seconds":"1763252027","unity_version":"2022.3.4f1","command_line_arguments":"D:\\Netherlands\\MaastrichtUniversity\\Y2\\BCS2720-AIandML\\project\\Group-9-AI-ML\\env\/StrikersVsGoalie\/UnityEnvironment.exe -nographics -batchmode --mlagents-port 5006 -logFile D:\\Netherlands\\MaastrichtUniversity\\Y2\\BCS2720-AIandML\\project\\Group-9-AI-ML\\results\\testStriker\\run_logs\\Player-0.log","communication_protocol_version":"1.5.0","com.unity.ml-agents_version":"3.0.0-exp.1","scene_name":"StrikersVsGoalie","end_time_seconds":"1763252791"}}