{"count":1,"self":2214.4983039999997,"total":25833.4664228,"children":{"InitializeActuators":{"count":24,"self":0.0015073999999999999,"total":0.0015073999999999999,"children":null},"InitializeSensors":{"count":24,"self":0.0040084,"total":0.0040084,"children":null},"AgentSendState":{"count":3907317,"self":950.258688,"total":1503.3199680999999,"children":{"CollectObservations":{"count":18755520,"self":5.5467872,"total":5.5467870999999995,"children":null},"WriteActionMask":{"count":18755520,"self":9.192708,"total":9.192708,"children":null},"RequestDecision":{"count":18755520,"self":16.7779936,"total":538.3217756,"children":{"AgentInfo.ToProto":{"count":18755520,"self":25.0708608,"total":521.5437814,"children":{"GenerateSensorData":{"count":18755520,"self":422.5455872,"total":496.4729205,"children":{"RayPerceptionSensor.Perceive":{"count":31259200,"self":73.927334399999992,"total":73.9273362,"children":null}}}}}}}}},"DecideAction":{"count":3907317,"self":21943.0797312,"total":21943.0796581,"children":null},"AgentAct":{"count":3907317,"self":163.9864192,"total":163.9864246,"children":null},"AgentInfo.ToProto":{"count":184482,"self":0.8087864,"total":8.5729551999999991,"children":{"GenerateSensorData":{"count":184482,"self":6.7810448,"total":7.7641687999999993,"children":{"RayPerceptionSensor.Perceive":{"count":307470,"self":0.9831236,"total":0.9831236,"children":null}}}}}},"gauges":{"Goalie.CumulativeReward":{"count":61494,"max":0.99994123,"min":0.0058,"runningAverage":0.10165111,"value":0.268203378,"weightedAverage":0.162575811},"Striker.CumulativeReward":{"count":122988,"max":-0.0058,"min":-0.99994123,"runningAverage":-0.101651035,"value":-0.268203378,"weightedAverage":-0.190423578}},"metadata":{"timer_format_version":"0.1.0","start_time_seconds":"1764375899","unity_version":"2022.3.4f1","command_line_arguments":"C:\\REPO\\Group-9-AI-ML\\env\/StrikersVsGoalie\/UnityEnvironment.exe -nographics -batchmode --mlagents-port 18 -logFile C:\\REPO\\Group-9-AI-ML\\results\\23\\run_logs\\Player-0.log","communication_protocol_version":"1.5.0","com.unity.ml-agents_version":"3.0.0-exp.1","scene_name":"StrikersVsGoalie","end_time_seconds":"1764401733"}}