{
    "run_id": "1",
    "env_name": "SoccerTwos",
    "algorithm": "poca",
    "total_steps": 10000,
    "learning_rate": 0.0003,
    "epoch": 3,
    "bath_size": 2048,
    "buffer_size": 20480,
    "gamma": 0.99,
    "lambda": 0.95,
    "mean_reward": 0.0,
    "cumulative_reward": 0.0,
    "episode_length": 871.6666870117188,
    "mean_policy_loss": "N/A",
    "mean_value_loss": "N/A",
    "mean_entropy": 3.2956604957580566,
    "ELO": 1199.08447265625,
    "training_time": 108.14709115028381,
    "mean_cpu_usage": 169.485185185185,
    "mean_ram_usage": 693.5574363425926,
    "efficiency_score": 0.0
}