{
    "run_id": "1",
    "env_name": "SoccerTwos",
    "algorithm": "poca",
    "total_steps": 10000,
    "learning_rate": 0.0003,
    "epoch": 3,
    "bath_size": 2048,
    "buffer_size": 20480,
    "gamma": 0.99,
    "lambda": 0.95,
    "mean_reward": 0.0,
    "cumulative_reward": 0.0,
    "episode_length": 704.375,
    "mean_policy_loss": "N/A",
    "mean_value_loss": "N/A",
    "mean_entropy": 3.295718193054199,
    "ELO": 1201.163818359375,
    "training_time": 132.1785249710083,
    "mean_cpu_usage": 171.02348484848463,
    "mean_ram_usage": 702.0141749526515,
    "efficiency_score": 0.0
}