{
    "run_id": "10",
    "env_name": "SoccerTwos",
    "algorithm": "poca",
    "total_steps": 10000,
    "learning_rate": 0.0003,
    "epoch": 3,
    "bath_size": 2048,
    "buffer_size": 20480,
    "gamma": 0.99,
    "lambda": 0.95,
    "mean_group_reward": -0.2899666726589203,
    "group_cumulative_reward": -0.2899666726589203,
    "episode_length": 796.1428833007812,
    "mean_policy_loss": "N/A",
    "mean_value_loss": "N/A",
    "mean_entropy": 3.2957441806793213,
    "ELO": 1199.4207763671875,
    "training_time": 4.656261682510376,
    "efficiency_score": -0.06227456539826338
}