{
    "run_id": "11",
    "env_name": "SoccerTwos",
    "algorithm": "poca",
    "total_steps": 10000,
    "learning_rate": 0.0003,
    "epoch": 3,
    "bath_size": 2048,
    "buffer_size": 20480,
    "gamma": 0.99,
    "lambda": 0.95,
    "mean_reward": 0.0,
    "cumulative_reward": 0.0,
    "episode_length": 842.1666870117188,
    "mean_policy_loss": "N/A",
    "mean_value_loss": "N/A",
    "mean_entropy": 3.2957215309143066,
    "ELO": 1198.5052490234375,
    "training_time": 106.21132469177246,
    "mean_cpu_usage": 170.6783018867924,
    "mean_ram_usage": 690.3546580188679,
    "efficiency_score": 0.0
}