{
    "run_id": "12",
    "env_name": "SoccerTwos",
    "algorithm": "poca",
    "total_steps": 10000,
    "learning_rate": 0.0003,
    "epoch": 3,
    "bath_size": 2048,
    "buffer_size": 20480,
    "gamma": 0.99,
    "lambda": 0.95,
    "mean_reward": 0.0,
    "cumulative_reward": 0.0,
    "episode_length": 881.1666870117188,
    "mean_policy_loss": "N/A",
    "mean_value_loss": "N/A",
    "mean_entropy": 3.2956736087799072,
    "ELO": 1200.0,
    "training_time": 127.17272472381592,
    "mean_cpu_usage": 172.1976377952753,
    "mean_ram_usage": 702.457123523622,
    "efficiency_score": 0.0
}