{
    "run_id": "19",
    "env_name": "SoccerTwos",
    "algorithm": "poca",
    "total_steps": 1570000,
    "learning_rate": 0.0003,
    "epoch": 3,
    "bath_size": 2048,
    "buffer_size": 20480,
    "gamma": 0.99,
    "lambda": 0.95,
    "mean_group_reward": -0.03363346327155544,
    "group_cumulative_reward": -0.07033684104681015,
    "episode_length": 861.5773676975517,
    "mean_policy_loss": 0.016463769871431094,
    "mean_value_loss": 0.0017968368474328145,
    "mean_entropy": 3.1663454125641257,
    "ELO": 1215.3921796310046,
    "training_time": 17995.398915052414,
    "efficiency_score": -1.8690034841863063e-06
}