{
    "run_id": "2",
    "env_name": "SoccerTwos",
    "algorithm": "poca",
    "total_steps": 10000,
    "learning_rate": 0.0003,
    "epoch": 3,
    "bath_size": 2048,
    "buffer_size": 20480,
    "gamma": 0.99,
    "lambda": 0.95,
    "mean_reward": 0.0,
    "cumulative_reward": 0.0,
    "episode_length": 911.3333129882812,
    "mean_policy_loss": "N/A",
    "mean_value_loss": "N/A",
    "mean_entropy": 3.2957499027252197,
    "ELO": 1199.250732421875,
    "training_time": 147.20480036735535,
    "mean_cpu_usage": 171.79115646258475,
    "mean_ram_usage": 707.2690795068028,
    "efficiency_score": 0.0
}