{
    "run_id": "2",
    "env_name": "SoccerTwos",
    "algorithm": "poca",
    "total_steps": 1490000,
    "learning_rate": 0.0003,
    "epoch": 3,
    "bath_size": 2048,
    "buffer_size": 20480,
    "gamma": 0.99,
    "lambda": 0.95,
    "mean_group_reward": -0.05628913314270806,
    "group_cumulative_reward": 0.25994589924812317,
    "episode_length": 527.7962100137801,
    "mean_policy_loss": 0.016808564814605884,
    "mean_value_loss": 0.014232678155946945,
    "mean_entropy": 3.1203118954728915,
    "ELO": 1215.3264694213867,
    "training_time": 4.644339561462402,
    "efficiency_score": -0.012119943513558218
}