{
    "run_id": "20",
    "env_name": "SoccerTwos",
    "algorithm": "poca",
    "total_steps": 20000,
    "learning_rate": 0.0003,
    "epoch": 3,
    "bath_size": 2048,
    "buffer_size": 20480,
    "gamma": 0.99,
    "lambda": 0.95,
    "mean_reward": 0.0,
    "cumulative_reward": 0.0,
    "episode_length": 739.2142944335938,
    "mean_policy_loss": "N/A",
    "mean_value_loss": "N/A",
    "mean_entropy": 3.295718789100647,
    "ELO": 1200.0270385742188,
    "training_time": 297.0327003002167,
    "mean_cpu_usage": 203.54680134680166,
    "mean_ram_usage": 823.6343381734007,
    "efficiency_score": 0.0
}