{
    "run_id": "21",
    "env_name": "SoccerTwos",
    "algorithm": "poca",
    "total_steps": 20000,
    "learning_rate": 0.0003,
    "epoch": 3,
    "bath_size": 2048,
    "buffer_size": 20480,
    "gamma": 0.99,
    "lambda": 0.95,
    "mean_reward": 0.0,
    "cumulative_reward": 0.0,
    "episode_length": 755.7083435058594,
    "mean_policy_loss": "N/A",
    "mean_value_loss": "N/A",
    "mean_entropy": 3.2957664728164673,
    "ELO": 1201.9161376953125,
    "training_time": 12.71345043182373,
    "mean_cpu_usage": 48.86923076923077,
    "mean_ram_usage": 509.88070913461536,
    "efficiency_score": 0.0
}