{
    "run_id": "22",
    "env_name": "SoccerTwos",
    "algorithm": "poca",
    "total_steps": 20000,
    "learning_rate": 0.0003,
    "epoch": 3,
    "bath_size": 2048,
    "buffer_size": 20480,
    "gamma": 0.99,
    "lambda": 0.95,
    "mean_reward": 0.0,
    "cumulative_reward": 0.0,
    "episode_length": 834.8333129882812,
    "mean_policy_loss": "N/A",
    "mean_value_loss": "N/A",
    "mean_entropy": 3.295745372772217,
    "ELO": 1200.4758911132812,
    "training_time": 295.6973497867584,
    "mean_cpu_usage": 203.66418918918959,
    "mean_ram_usage": 801.645824535473,
    "efficiency_score": 0.0
}