{
    "run_id": "23",
    "env_name": "SoccerTwos",
    "algorithm": "poca",
    "total_steps": 10000,
    "learning_rate": 0.0003,
    "epoch": 3,
    "bath_size": 2048,
    "buffer_size": 20480,
    "gamma": 0.99,
    "lambda": 0.95,
    "mean_reward": 0.0,
    "cumulative_reward": 0.0,
    "episode_length": 801.4285888671875,
    "mean_policy_loss": "N/A",
    "mean_value_loss": "N/A",
    "mean_entropy": 3.295647621154785,
    "ELO": 1201.7415771484375,
    "training_time": 6.212240219116211,
    "mean_cpu_usage": 88.87142857142858,
    "mean_ram_usage": 382.74888392857144,
    "efficiency_score": 0.0
}