{
    "run_id": "29",
    "env_name": "SoccerTwos",
    "algorithm": "poca",
    "total_steps": 1440000,
    "learning_rate": 0.0003,
    "epoch": 3,
    "bath_size": 2048,
    "buffer_size": 20480,
    "gamma": 0.99,
    "lambda": 0.95,
    "mean_group_reward": -0.02455217289550799,
    "group_cumulative_reward": -0.3083965480327606,
    "episode_length": 510.8669792281257,
    "mean_policy_loss": 0.016829287277205902,
    "mean_value_loss": 0.01773892025470131,
    "mean_entropy": 3.074720220433341,
    "ELO": 1242.4194048200334,
    "training_time": 17995.251380443573,
    "efficiency_score": -1.3643695426333518e-06
}