{
    "run_id": "3",
    "env_name": "SoccerTwos",
    "algorithm": "poca",
    "total_steps": 10000,
    "learning_rate": 0.0003,
    "epoch": 3,
    "bath_size": 2048,
    "buffer_size": 20480,
    "gamma": 0.99,
    "lambda": 0.95,
    "mean_reward": 0.0,
    "cumulative_reward": 0.0,
    "episode_length": 908.6666870117188,
    "mean_policy_loss": "N/A",
    "mean_value_loss": "N/A",
    "mean_entropy": 3.295750617980957,
    "ELO": 1199.08447265625,
    "training_time": 201.28010654449463,
    "mean_cpu_usage": 171.79402985074609,
    "mean_ram_usage": 722.9953552549752,
    "efficiency_score": 0.0
}