{
    "run_id": "3",
    "env_name": "SoccerTwos",
    "algorithm": "poca",
    "total_steps": 10000,
    "learning_rate": 0.0003,
    "epoch": 3,
    "bath_size": 2048,
    "buffer_size": 20480,
    "gamma": 0.99,
    "lambda": 0.95,
    "mean_group_reward": -0.35945454239845276,
    "group_cumulative_reward": -0.35945454239845276,
    "episode_length": 908.6666870117188,
    "mean_policy_loss": "N/A",
    "mean_value_loss": "N/A",
    "mean_entropy": 3.295750617980957,
    "ELO": 1199.08447265625,
    "training_time": 4.786701679229736,
    "efficiency_score": -0.07509441082534629
}