{
    "run_id": "3",
    "env_name": "SoccerTwos",
    "algorithm": "poca",
    "total_steps": 20000,
    "learning_rate": 0.0003,
    "epoch": 3,
    "bath_size": 2048,
    "buffer_size": 20480,
    "gamma": 0.99,
    "lambda": 0.95,
    "mean_group_reward": 0.18888333439826965,
    "group_cumulative_reward": 0.1534000039100647,
    "episode_length": 826.1904907226562,
    "mean_policy_loss": "N/A",
    "mean_value_loss": "N/A",
    "mean_entropy": 3.2957359552383423,
    "ELO": 1201.9892578125,
    "training_time": 295.3691198825836,
    "efficiency_score": 0.0006394823347591494
}