{
    "run_id": "31",
    "env_name": "SoccerTwos",
    "algorithm": "poca",
    "total_steps": 1430000,
    "learning_rate": 0.0003,
    "epoch": 3,
    "bath_size": 2048,
    "buffer_size": 20480,
    "gamma": 0.99,
    "lambda": 0.95,
    "mean_group_reward": -0.024345750054279407,
    "group_cumulative_reward": 0.0822310522198677,
    "episode_length": 579.1464757319097,
    "mean_policy_loss": 0.017293777970124536,
    "mean_value_loss": 0.015972890573083084,
    "mean_entropy": 3.132131950004951,
    "ELO": 1236.380264047476,
    "training_time": 17995.274042367935,
    "efficiency_score": -1.352896877088949e-06
}