{
    "run_id": "4",
    "env_name": "SoccerTwos",
    "algorithm": "poca",
    "total_steps": 20000,
    "learning_rate": 0.0003,
    "epoch": 3,
    "bath_size": 2048,
    "buffer_size": 20480,
    "gamma": 0.99,
    "lambda": 0.95,
    "mean_group_reward": 0.008072727359831333,
    "group_cumulative_reward": 0.016145454719662666,
    "episode_length": 991.6666564941406,
    "mean_policy_loss": "N/A",
    "mean_value_loss": "N/A",
    "mean_entropy": 3.295735478401184,
    "ELO": 1200.749267578125,
    "training_time": 295.4384686946869,
    "efficiency_score": 2.732456404712103e-05
}