{
    "run_id": "5",
    "env_name": "SoccerTwos",
    "algorithm": "poca",
    "total_steps": 10000,
    "learning_rate": 0.0003,
    "epoch": 3,
    "bath_size": 2048,
    "buffer_size": 20480,
    "gamma": 0.99,
    "lambda": 0.95,
    "mean_group_reward": -0.012900005094707012,
    "group_cumulative_reward": -0.012900005094707012,
    "episode_length": 752.5714111328125,
    "mean_policy_loss": "N/A",
    "mean_value_loss": "N/A",
    "mean_entropy": 3.2957191467285156,
    "ELO": 1199.6705322265625,
    "training_time": 4.858940601348877,
    "efficiency_score": -0.0026549007598746684
}