{
    "run_id": "59",
    "env_name": "SoccerTwos",
    "algorithm": "poca",
    "total_steps": 20000,
    "learning_rate": 0.0003,
    "epoch": 3,
    "bath_size": 2048,
    "buffer_size": 20480,
    "gamma": 0.99,
    "lambda": 0.95,
    "mean_reward": 0.0,
    "cumulative_reward": 0.0,
    "episode_length": 706.2321472167969,
    "mean_policy_loss": "N/A",
    "mean_value_loss": "N/A",
    "mean_entropy": 3.2957721948623657,
    "ELO": 1197.6399536132812,
    "training_time": 295.5222325325012,
    "mean_cpu_usage": 203.72635135135167,
    "mean_ram_usage": 809.49609375,
    "efficiency_score": 0.0
}