{
    "run_id": "6",
    "env_name": "SoccerTwos",
    "algorithm": "poca",
    "total_steps": 30000,
    "learning_rate": 0.0003,
    "epoch": 3,
    "bath_size": 2048,
    "buffer_size": 20480,
    "gamma": 0.99,
    "lambda": 0.95,
    "mean_reward": 0.0,
    "cumulative_reward": 0.0,
    "episode_length": 896.025390625,
    "mean_policy_loss": 0.0156833715736866,
    "mean_value_loss": 0.0022861643228679895,
    "mean_entropy": 3.288020133972168,
    "ELO": 1200.6429443359375,
    "training_time": 393.6302418708801,
    "mean_cpu_usage": 198.00076335877904,
    "mean_ram_usage": 862.1220181297709,
    "efficiency_score": 0.0
}