{
    "run_id": "6",
    "env_name": "SoccerTwos",
    "algorithm": "poca",
    "total_steps": 30000,
    "learning_rate": 0.0003,
    "epoch": 3,
    "bath_size": 2048,
    "buffer_size": 20480,
    "gamma": 0.99,
    "lambda": 0.95,
    "mean_group_reward": 0.04751333512831479,
    "group_cumulative_reward": 0.12263333797454834,
    "episode_length": 896.025390625,
    "mean_policy_loss": 0.0156833715736866,
    "mean_value_loss": 0.0022861643228679895,
    "mean_entropy": 3.288020133972168,
    "ELO": 1200.6429443359375,
    "training_time": 5.0329108238220215,
    "efficiency_score": 0.009440527915460439
}