{
    "run_id": "62",
    "env_name": "SoccerTwos",
    "algorithm": "poca",
    "total_steps": 500000,
    "learning_rate": 0.0003,
    "epoch": 3,
    "bath_size": 2048,
    "buffer_size": 20480,
    "gamma": 0.99,
    "lambda": 0.95,
    "mean_reward": 0.0,
    "cumulative_reward": 0.0,
    "episode_length": 879.6998559570312,
    "mean_policy_loss": 0.01741413808549228,
    "mean_value_loss": 0.00178582397411051,
    "mean_entropy": 3.247540593147278,
    "ELO": 1201.6104329427083,
    "training_time": 5984.064439296722,
    "mean_cpu_usage": 213.68487282463784,
    "mean_ram_usage": 1001.154753780748,
    "efficiency_score": 0.0
}