{
    "run_id": "63",
    "env_name": "SoccerTwos",
    "algorithm": "poca",
    "total_steps": 490000,
    "learning_rate": 0.0003,
    "epoch": 3,
    "bath_size": 2048,
    "buffer_size": 20480,
    "gamma": 0.99,
    "lambda": 0.95,
    "mean_reward": 0.0,
    "cumulative_reward": 0.0,
    "episode_length": 886.8876940917969,
    "mean_policy_loss": 0.01632145966362694,
    "mean_value_loss": 0.0016168862318764973,
    "mean_entropy": 3.2344356679916384,
    "ELO": 1193.4540980747768,
    "training_time": 5890.082161188126,
    "mean_cpu_usage": 211.6893063583852,
    "mean_ram_usage": 982.4393050301768,
    "efficiency_score": 0.0
}