{
    "run_id": "64",
    "env_name": "SoccerTwos",
    "algorithm": "poca",
    "total_steps": 500000,
    "learning_rate": 0.0003,
    "epoch": 3,
    "bath_size": 2048,
    "buffer_size": 20480,
    "gamma": 0.99,
    "lambda": 0.95,
    "mean_reward": 0.0,
    "cumulative_reward": 0.0,
    "episode_length": 770.340908203125,
    "mean_policy_loss": 0.01635331215093965,
    "mean_value_loss": 0.0031580295528882466,
    "mean_entropy": 3.1974634456634523,
    "ELO": 1211.7696533203125,
    "training_time": 5972.972678184509,
    "mean_cpu_usage": 209.22992455994188,
    "mean_ram_usage": 1041.4995749947611,
    "efficiency_score": 0.0
}