{
    "run_id": "65",
    "env_name": "SoccerTwos",
    "algorithm": "poca",
    "total_steps": 490000,
    "learning_rate": 0.0003,
    "epoch": 3,
    "bath_size": 2048,
    "buffer_size": 20480,
    "gamma": 0.99,
    "lambda": 0.95,
    "mean_reward": 0.0,
    "cumulative_reward": 0.0,
    "episode_length": 853.0027661132813,
    "mean_policy_loss": 0.01677945114510215,
    "mean_value_loss": 0.002169785260617652,
    "mean_entropy": 3.23428346157074,
    "ELO": 1202.3125766488008,
    "training_time": 5866.52344918251,
    "mean_cpu_usage": 211.69218296638192,
    "mean_ram_usage": 962.733878968254,
    "efficiency_score": 0.0
}