{
    "run_id": "68",
    "env_name": "SoccerTwos",
    "algorithm": "poca",
    "total_steps": 500000,
    "learning_rate": 0.0003,
    "epoch": 3,
    "bath_size": 2048,
    "buffer_size": 20480,
    "gamma": 0.99,
    "lambda": 0.95,
    "mean_reward": 0.0,
    "cumulative_reward": 0.0,
    "episode_length": 899.2601904296876,
    "mean_policy_loss": 0.01601954569797153,
    "mean_value_loss": 0.0014402428401492375,
    "mean_entropy": 3.2330548620224,
    "ELO": 1199.9531381967906,
    "training_time": 5893.118022203445,
    "mean_cpu_usage": 211.11758708581783,
    "mean_ram_usage": 999.7132062446899,
    "efficiency_score": 0.0
}