{
    "run_id": "7",
    "env_name": "SoccerTwos",
    "algorithm": "poca",
    "total_steps": 10000,
    "learning_rate": 0.0003,
    "epoch": 3,
    "bath_size": 2048,
    "buffer_size": 20480,
    "gamma": 0.99,
    "lambda": 0.95,
    "mean_reward": 0.0,
    "cumulative_reward": 0.0,
    "episode_length": 901.1666870117188,
    "mean_policy_loss": "N/A",
    "mean_value_loss": "N/A",
    "mean_entropy": 3.295718193054199,
    "ELO": 1200.749267578125,
    "training_time": 116.16326236724854,
    "mean_cpu_usage": 169.02155172413765,
    "mean_ram_usage": 692.404296875,
    "efficiency_score": 0.0
}