{
    "run_id": "71",
    "env_name": "SoccerTwos",
    "algorithm": "poca",
    "total_steps": 500000,
    "learning_rate": 0.0003,
    "epoch": 3,
    "bath_size": 2048,
    "buffer_size": 20480,
    "gamma": 0.99,
    "lambda": 0.95,
    "mean_reward": 0.0,
    "cumulative_reward": 0.0,
    "episode_length": 674.2019519042968,
    "mean_policy_loss": 0.017414069491560043,
    "mean_value_loss": 0.005376315685798941,
    "mean_entropy": 3.220095887184143,
    "ELO": 1207.460792541504,
    "training_time": 5979.668562173843,
    "mean_cpu_usage": 210.17473208306237,
    "mean_ram_usage": 1057.5565614796133,
    "efficiency_score": 0.0
}