{
    "run_id": "73",
    "env_name": "SoccerTwos",
    "algorithm": "poca",
    "total_steps": 20000,
    "learning_rate": 0.0003,
    "epoch": 3,
    "bath_size": 2048,
    "buffer_size": 20480,
    "gamma": 0.99,
    "lambda": 0.95,
    "mean_reward": 0.0,
    "cumulative_reward": 0.0,
    "episode_length": 702.3928527832031,
    "mean_policy_loss": "N/A",
    "mean_value_loss": "N/A",
    "mean_entropy": 3.2956838607788086,
    "ELO": 1200.2896118164062,
    "training_time": 295.50880002975464,
    "mean_cpu_usage": 206.02331081081115,
    "mean_ram_usage": 806.4565825591217,
    "efficiency_score": 0.0
}