{
    "run_id": "75",
    "env_name": "SoccerTwos",
    "algorithm": "poca",
    "total_steps": 500000,
    "learning_rate": 0.0003,
    "epoch": 3,
    "bath_size": 2048,
    "buffer_size": 20480,
    "gamma": 0.99,
    "lambda": 0.95,
    "mean_reward": 0.0,
    "cumulative_reward": 0.0,
    "episode_length": 899.5281616210938,
    "mean_policy_loss": 0.0168955664595832,
    "mean_value_loss": 0.0015546621323704565,
    "mean_entropy": 3.2265153455734255,
    "ELO": 1198.8407118055557,
    "training_time": 5886.533170223236,
    "mean_cpu_usage": 209.7642286103138,
    "mean_ram_usage": 1032.8672340108862,
    "efficiency_score": 0.0
}