{
    "run_id": "77",
    "env_name": "SoccerTwos",
    "algorithm": "poca",
    "total_steps": 30000,
    "learning_rate": 0.0003,
    "epoch": 3,
    "bath_size": 2048,
    "buffer_size": 20480,
    "gamma": 0.99,
    "lambda": 0.95,
    "mean_reward": 0.0,
    "cumulative_reward": 0.0,
    "episode_length": 894.4856974283854,
    "mean_policy_loss": 0.019605735316872597,
    "mean_value_loss": 0.002176003297790885,
    "mean_entropy": 3.2915705839792886,
    "ELO": 1200.0,
    "training_time": 363.9701588153839,
    "mean_cpu_usage": 200.08928571428606,
    "mean_ram_usage": 842.2386675824176,
    "efficiency_score": 0.0
}