{
    "run_id": "8",
    "env_name": "SoccerTwos",
    "algorithm": "poca",
    "total_steps": 10000,
    "learning_rate": 0.0003,
    "epoch": 3,
    "bath_size": 2048,
    "buffer_size": 20480,
    "gamma": 0.99,
    "lambda": 0.95,
    "mean_group_reward": 0.07323077321052551,
    "group_cumulative_reward": 0.07323077321052551,
    "episode_length": 737.0,
    "mean_policy_loss": "N/A",
    "mean_value_loss": "N/A",
    "mean_entropy": 3.29575514793396,
    "ELO": 1200.91552734375,
    "training_time": 4.799030542373657,
    "efficiency_score": 0.015259493050507802
}