{
    "run_id": "manual_1",
    "env_name": "SoccerTwos",
    "algorithm": "poca",
    "total_steps": 50000,
    "learning_rate": 0.0003,
    "epoch": 3,
    "bath_size": 2048,
    "buffer_size": 20480,
    "gamma": 0.99,
    "lambda": 0.95,
    "mean_group_reward": -0.1894628092646599,
    "group_cumulative_reward": -0.14138181507587433,
    "episode_length": 841.9853881835937,
    "mean_policy_loss": 0.0193394236266613,
    "mean_value_loss": 0.003212326904758811,
    "mean_entropy": 3.2861398696899413,
    "ELO": 1198.7983703613281,
    "training_time": 608.2279999256134,
    "efficiency_score": -0.000311499650275606
}