{
    "run_id": "20",
    "env_name": "StrikersVsGoalie",
    "algorithm": "poca",
    "total_steps": 600000,
    "learning_rate": 0.0003,
    "epoch": 3,
    "bath_size": 2048,
    "buffer_size": 20480,
    "gamma": 0.99,
    "lambda": 0.95,
    "mean_reward": -0.45411471724510194,
    "mean_group_reward": 0.5334587338070075,
    "cumulative_reward": -0.07341094315052032,
    "episode_length": 465.51558481852214,
    "mean_policy_loss": 0.017362306559724466,
    "mean_value_loss": 0.012001431885957052,
    "mean_entropy": 3.147888724009196,
    "ELO": 1342.6764764300847,
    "training_time": 6016.950355768204,
    "efficiency_score": -7.547257171729209e-05
}