{
    "run_id": "SCT-43",
    "env_name": "SoccerTwos",
    "algorithm": "poca",
    "total_steps": 2980000,
    "learning_rate": 0.0003,
    "epoch": 3,
    "bath_size": 2048,
    "buffer_size": 20480,
    "gamma": 0.99,
    "lambda": 0.95,
    "mean_group_reward": -0.022998132924332695,
    "group_cumulative_reward": 0.0,
    "episode_length": 941.8944393931038,
    "mean_policy_loss": 0.016646690150763064,
    "mean_value_loss": 0.0007859000304741369,
    "mean_entropy": 3.116607059275985,
    "ELO": 1202.597068966843,
    "training_time": 36663.43608546257,
    "efficiency_score": -6.272770743779712e-07
}