{
    "run_id": "SCT-28",
    "env_name": "SoccerTwos",
    "algorithm": "poca",
    "total_steps": 950000,
    "learning_rate": 0.0003,
    "epoch": 3,
    "bath_size": 2048,
    "buffer_size": 20480,
    "gamma": 0.99,
    "lambda": 0.95,
    "mean_group_reward": -0.02410208596379165,
    "group_cumulative_reward": 0.0,
    "episode_length": 952.9241615653838,
    "mean_policy_loss": 0.017080821576254332,
    "mean_value_loss": 0.000636368792025561,
    "mean_entropy": 3.0432314680726735,
    "ELO": 1202.2170548872514,
    "training_time": 20324.13341164589,
    "efficiency_score": -1.185885049838384e-06
}