{
    "run_id": "SCT-44",
    "env_name": "SoccerTwos",
    "algorithm": "poca",
    "total_steps": 2990000,
    "learning_rate": 0.0003,
    "epoch": 3,
    "bath_size": 2048,
    "buffer_size": 20480,
    "gamma": 0.99,
    "lambda": 0.95,
    "mean_group_reward": -0.03965435168524541,
    "group_cumulative_reward": 0.10105714946985245,
    "episode_length": 897.0473032667485,
    "mean_policy_loss": 0.01652318728993908,
    "mean_value_loss": 0.0014294776138245235,
    "mean_entropy": 3.1609042870958515,
    "ELO": 1206.0640040106953,
    "training_time": 36655.16245150566,
    "efficiency_score": -1.0818217416907549e-06
}