{
    "run_id": "SCT-24",
    "env_name": "SoccerTwos",
    "algorithm": "poca",
    "total_steps": 620000,
    "learning_rate": 0.0003,
    "epoch": 3,
    "bath_size": 2048,
    "buffer_size": 20480,
    "gamma": 0.99,
    "lambda": 0.95,
    "mean_group_reward": -0.08076840271279516,
    "group_cumulative_reward": 0.15589091181755066,
    "episode_length": 809.3843196745842,
    "mean_policy_loss": 0.017099471570088946,
    "mean_value_loss": 0.0026771771452582345,
    "mean_entropy": 3.2136654277001657,
    "ELO": 1196.785132271903,
    "training_time": 9304.627391815186,
    "efficiency_score": -8.680455359646435e-06
}