{
    "run_id": "SCT-33",
    "env_name": "SoccerTwos",
    "algorithm": "poca",
    "total_steps": 1590000,
    "learning_rate": 0.0003,
    "epoch": 3,
    "bath_size": 2048,
    "buffer_size": 20480,
    "gamma": 0.99,
    "lambda": 0.95,
    "mean_group_reward": -0.04188887321144202,
    "group_cumulative_reward": 0.3271910548210144,
    "episode_length": 726.0532055740837,
    "mean_policy_loss": 0.016911385845191574,
    "mean_value_loss": 0.006647793710059788,
    "mean_entropy": 3.1420675823523565,
    "ELO": 1214.1071314657888,
    "training_time": 15146.507515192032,
    "efficiency_score": -2.7655796670900695e-06
}