{
    "run_id": "SCT-17",
    "env_name": "SoccerTwos",
    "algorithm": "poca",
    "total_steps": 1020000,
    "learning_rate": 0.0003,
    "epoch": 3,
    "bath_size": 2048,
    "buffer_size": 20480,
    "gamma": 0.99,
    "lambda": 0.95,
    "mean_group_reward": -0.017081211480841626,
    "group_cumulative_reward": -0.17046399414539337,
    "episode_length": 843.7150795132507,
    "mean_policy_loss": 0.01649789545843576,
    "mean_value_loss": 0.0020332658251352265,
    "mean_entropy": 3.197372551057853,
    "ELO": 1209.3307487581983,
    "training_time": 11573.149740695953,
    "efficiency_score": -1.4759345436253246e-06
}