{
    "run_id": "SCT-11",
    "env_name": "SoccerTwos",
    "algorithm": "poca",
    "total_steps": 1580000,
    "learning_rate": 0.0003,
    "epoch": 3,
    "bath_size": 2048,
    "buffer_size": 20480,
    "gamma": 0.99,
    "lambda": 0.95,
    "mean_group_reward": -0.06061652164789848,
    "group_cumulative_reward": 0.0,
    "episode_length": 933.1438983917236,
    "mean_policy_loss": 0.016377269441412913,
    "mean_value_loss": 0.001073434002266269,
    "mean_entropy": 3.1772504433989526,
    "ELO": 1190.7909298851378,
    "training_time": 17706.060285806656,
    "efficiency_score": -3.423490074553132e-06
}