{
    "run_id": "SCT-06",
    "env_name": "SoccerTwos",
    "algorithm": "poca",
    "total_steps": 1620000,
    "learning_rate": 0.0003,
    "epoch": 3,
    "bath_size": 2048,
    "buffer_size": 20480,
    "gamma": 0.99,
    "lambda": 0.95,
    "mean_group_reward": -0.03488386088219454,
    "group_cumulative_reward": 0.0,
    "episode_length": 957.1199520555742,
    "mean_policy_loss": 0.01660817282895247,
    "mean_value_loss": 0.0006292404498197375,
    "mean_entropy": 3.0898626845307144,
    "ELO": 1200.5189208984375,
    "training_time": 17361.37713456154,
    "efficiency_score": -2.0092795987220823e-06
}