{
    "run_id": "SCT-27",
    "env_name": "SoccerTwos",
    "algorithm": "poca",
    "total_steps": 1480000,
    "learning_rate": 0.0003,
    "epoch": 3,
    "bath_size": 2048,
    "buffer_size": 20480,
    "gamma": 0.99,
    "lambda": 0.95,
    "mean_group_reward": -0.038870556854227606,
    "group_cumulative_reward": 0.04770307615399361,
    "episode_length": 466.1728206840721,
    "mean_policy_loss": 0.01646833285095467,
    "mean_value_loss": 0.01808865653668139,
    "mean_entropy": 3.0968787041870325,
    "ELO": 1241.9167095863656,
    "training_time": 20326.9064142704,
    "efficiency_score": -1.9122711573532277e-06
}